{
 "grand": {
  "paper": {
   "E_mean": 16.662761148944128,
   "E_ci": 0.6808979627642604,
   "viol_rate": 0.5222222222222223,
   "ctrl_mJ": 0.030252421332672808,
   "dropout_completion": 0.0,
   "stale_mean": 42.9329802350065,
   "lifetime": 18.0
  },
  "phase1": {
   "E_mean": 16.816449991643175,
   "E_ci": 0.7447339898482371,
   "viol_rate": 0.5168539325842697,
   "ctrl_mJ": 0.031142670843838184,
   "dropout_completion": 0.0,
   "stale_mean": 42.9329802350065,
   "lifetime": 18.0
  },
  "awan": {
   "E_mean": 14.850993521373603,
   "E_ci": 0.0,
   "viol_rate": 0.14285714285714285,
   "ctrl_mJ": 1.3940703428249936,
   "dropout_completion": 1.0,
   "stale_mean": 29.369120435270155,
   "lifetime": 8.2
  }
 },
 "q_db_used": 9.854525778308046,
 "s_max_calibrated": 32.81772616986645,
 "i2": {
  "E_event": 173.65274892315344,
  "E_periodic": 136.2190491649662,
  "peak_stale_event": 66.00454665616316,
  "peak_stale_periodic": 72.57844484842245
 },
 "i3": {
  "lifetime_aware": 5.333333333333333,
  "lifetime_sum": 5.333333333333333
 },
 "i4": {
  "mape_pct": 0.13618185332316085,
  "penalty_pct": -1.136688052027321,
  "n_pairs": 5400
 },
 "i5_runtime_ms": {
  "blossom": [
   0.854861005791463,
   5.436097339649375,
   76.79276366737516,
   469.5318333300141,
   4877.500152666471
  ],
  "auction": [
   0.7781526655890048,
   4.205472005802828,
   37.000013665722996,
   200.8620833415383,
   1206.511513669587
  ],
  "greedy": [
   0.3211389994248748,
   0.913221660691003,
   4.272944672266021,
   13.891958330835527,
   54.93948632890048
  ]
 },
 "i5_N": [
  10,
  20,
  50,
  100,
  200
 ],
 "_meta": {
  "name": "wp4",
  "wall_s": 270.1,
  "git_commit": "f7470aac",
  "config": {
   "seeds": [
    0,
    1,
    2,
    3,
    4,
    5,
    6,
    7,
    8,
    9
   ],
   "git_commit": "f7470aac"
  }
 }
}