{
 "grand": {
  "paper": {
   "E_mean": 16.662761148944128,
   "E_ci": 0.6808979627642604,
   "viol_rate": 0.5222222222222223,
   "ctrl_mJ": 0.030252421332672808,
   "dropout_completion": 0.0,
   "stale_mean": 42.9329802350065,
   "lifetime": 18.0
  },
  "phase1": {
   "E_mean": 16.816449991643175,
   "E_ci": 0.7447339898482371,
   "viol_rate": 0.5168539325842697,
   "ctrl_mJ": 0.031142670843838184,
   "dropout_completion": 0.0,
   "stale_mean": 42.9329802350065,
   "lifetime": 18.0
  },
  "awan": {
   "E_mean": 14.850993521373603,
   "E_ci": 0.0,
   "viol_rate": 0.14285714285714285,
   "ctrl_mJ": 1.3940703428249936,
   "dropout_completion": 1.0,
   "stale_mean": 182.60713526151162,
   "lifetime": 7.8
  }
 },
 "q_db_used": 9.854525778308046,
 "i2": {
  "E_event": 177.18521355244695,
  "E_periodic": 136.2190491649662,
  "peak_stale_event": 67.08312714711548,
  "peak_stale_periodic": 72.57844484842245
 },
 "i3": {
  "lifetime_aware": 3.6666666666666665,
  "lifetime_sum": 3.6666666666666665
 },
 "i4": {
  "mape_pct": 0.13618185332316085,
  "penalty_pct": 10.03386536994835,
  "n_pairs": 5400
 },
 "i5_runtime_ms": {
  "blossom": [
   1.0064029920613393,
   7.113833674035656,
   90.1608473310868,
   730.0851803302066,
   5796.962041664908
  ],
  "auction": [
   0.8238613275655856,
   5.0584026660847785,
   41.33763899638628,
   237.0014030020684,
   2014.5253060084847
  ],
  "greedy": [
   0.3045693350334962,
   1.197305338185591,
   4.890430665303332,
   15.00220866970873,
   80.25447266603199
  ]
 },
 "i5_N": [
  10,
  20,
  50,
  100,
  200
 ],
 "_meta": {
  "name": "wp4",
  "wall_s": 259.7,
  "git_commit": "f7470aac",
  "config": {
   "seeds": [
    0,
    1,
    2,
    3,
    4,
    5,
    6,
    7,
    8,
    9
   ],
   "git_commit": "f7470aac"
  }
 }
}