{
 "grand": {
  "paper": {
   "E_mean": 16.662761148944128,
   "E_ci": 0.6808979627642604,
   "viol_rate": 0.5222222222222223,
   "ctrl_mJ": 0.030252421332672808,
   "dropout_completion": 0.0,
   "stale_mean": 42.9329802350065,
   "lifetime": 18.0
  },
  "phase1": {
   "E_mean": 16.816449991643175,
   "E_ci": 0.7447339898482371,
   "viol_rate": 0.5168539325842697,
   "ctrl_mJ": 0.031142670843838184,
   "dropout_completion": 0.0,
   "stale_mean": 42.9329802350065,
   "lifetime": 18.0
  },
  "awan": {
   "E_mean": 14.850993521373603,
   "E_ci": 0.0,
   "viol_rate": 0.14285714285714285,
   "ctrl_mJ": 1.3940703428249936,
   "dropout_completion": 1.0,
   "stale_mean": 29.369120435270155,
   "lifetime": 8.2
  }
 },
 "q_db_used": 9.854525778308046,
 "s_max_calibrated": 32.81772616986645,
 "i2": {
  "E_event": 118.23214411689679,
  "E_periodic": 136.2190491649662,
  "peak_stale_event": 73.42467132573509,
  "peak_stale_periodic": 72.57844484842245
 },
 "i3": {
  "lifetime_aware": 5.333333333333333,
  "lifetime_sum": 5.333333333333333
 },
 "i4": {
  "mape_pct": 0.13618185332316085,
  "penalty_pct": -1.136688052027321,
  "n_pairs": 5400
 },
 "i5_runtime_ms": {
  "blossom": [
   0.31674999627284706,
   2.3442360009842864,
   32.55927799909841,
   258.8177776730542,
   2105.452736335186
  ],
  "auction": [
   0.25775033767179895,
   1.6629443319592003,
   17.92358333962814,
   111.21231967020624,
   553.303694333105
  ],
  "greedy": [
   0.12093099940102547,
   0.34331933420617133,
   1.831027664593421,
   7.186972002576415,
   23.786403001092065
  ]
 },
 "i5_N": [
  10,
  20,
  50,
  100,
  200
 ],
 "_meta": {
  "name": "wp4",
  "wall_s": 102.8,
  "git_commit": "eeb9a11f",
  "config": {
   "seeds": [
    0,
    1,
    2,
    3,
    4,
    5,
    6,
    7,
    8,
    9
   ],
   "git_commit": "eeb9a11f"
  }
 }
}