{
 "value_model_r2": 0.8929667175584911,
 "energy": {
  "6": {
   "hub": {
    "mean": 8.781446993117633,
    "ci95": 0.3958727486937384,
    "control_J": 1.6868511399062886e-05
   },
   "greedy": {
    "mean": 8.6311266455592,
    "ci95": 0.4024097460902891,
    "control_J": 4.5627077020406914e-05
   },
   "auction": {
    "mean": 8.644561801725692,
    "ci95": 0.36425166592696695,
    "control_J": 0.00046460384758427193
   },
   "rungB": {
    "mean": 8.321610071666727,
    "ci95": 0.4499288684433412,
    "control_J": 0.0004784770738297045
   },
   "rungC": {
    "mean": 8.687966895360722,
    "ci95": 0.3337649206184744,
    "control_J": 6.608635055686444e-05
   }
  },
  "8": {
   "hub": {
    "mean": 12.483726785008303,
    "ci95": 0.4942624700725734,
    "control_J": 2.0839445893695934e-05
   },
   "greedy": {
    "mean": 12.804992362813612,
    "ci95": 0.709111030616545,
    "control_J": 6.761433779057496e-05
   },
   "auction": {
    "mean": 12.863653142082503,
    "ci95": 0.7843633386436991,
    "control_J": 0.000798732459165866
   },
   "rungB": {
    "mean": 12.608241920729718,
    "ci95": 0.7706764784301644,
    "control_J": 0.0008836734827189223
   },
   "rungC": {
    "mean": 12.737005811960223,
    "ci95": 0.5696119671383909,
    "control_J": 8.49530229788074e-05
   }
  },
  "10": {
   "hub": {
    "mean": 16.44063730135387,
    "ci95": 0.5656857580767757,
    "control_J": 3.0252421332672806e-05
   },
   "greedy": {
    "mean": 16.648568963619226,
    "ci95": 0.9121117549475852,
    "control_J": 8.961207236493092e-05
   },
   "auction": {
    "mean": 16.13313829632254,
    "ci95": 0.5561284784954228,
    "control_J": 0.0013423552296323242
   },
   "rungB": {
    "mean": 16.55046127061082,
    "ci95": 0.5076525324140988,
    "control_J": 0.0013888388903830805
   },
   "rungC": {
    "mean": 16.44441069764649,
    "ci95": 0.8657967389605642,
    "control_J": 0.00010536331755041877
   }
  }
 },
 "matcher_quality": {
  "half_ok": 56,
  "half_tot": 56,
  "eq_ok": 54,
  "eq_tot": 56,
  "auction_gap_mean": 0.02457424223756518,
  "auction_gap_max": 1.3645029407520726
 },
 "dropout": {
  "cen": {
   "0.0": {
    "completion": 1.0,
    "meanE": 16.44063730135387
   },
   "0.1": {
    "completion": 0.0,
    "meanE": null
   },
   "0.2": {
    "completion": 0.0,
    "meanE": null
   },
   "0.3": {
    "completion": 0.0,
    "meanE": null
   }
  },
  "dec": {
   "0.0": {
    "completion": 0.9,
    "meanE": 16.13313829632254
   },
   "0.1": {
    "completion": 1.0,
    "meanE": 13.94128780070525
   },
   "0.2": {
    "completion": 1.0,
    "meanE": 13.581534844542952
   },
   "0.3": {
    "completion": 1.0,
    "meanE": 11.682753925338142
   }
  }
 },
 "breakeven": {
  "hub_ctrl": {
   "4": 8.774146643855373e-06,
   "6": 1.6077851978334896e-05,
   "8": 1.918074230235369e-05,
   "10": 2.917828550658369e-05,
   "20": 5.591342627880364e-05
  },
  "auction_ctrl": {
   "4": 0.0002588998589050706,
   "6": 0.0004428881636515111,
   "8": 0.0008246662786189947,
   "10": 0.0014389829287642423,
   "20": 0.005037822909404916
  },
  "mock_ctrl": {
   "4": 3.61052724506518e-05,
   "6": 6.57396996762504e-05,
   "8": 8.0078372516785e-05,
   "10": 0.00010019087243125849,
   "20": 0.00024971769791264157
  },
  "llm_total": {
   "6": 0.1384102967535111,
   "10": 0.2570817864137624
  }
 },
 "llm_stats": {
  "schema_valid": 43,
  "schema_total": 43,
  "retries": 0,
  "tok_in": 6359,
  "tok_out": 516,
  "llm_calls": 43
 },
 "llm_energy_gap_pct": NaN,
 "h1_detail": [
  "N6:-1.15%(p=1.00)",
  "N8:+3.04%(p=0.23)",
  "N10:-2.07%(p=0.43)"
 ],
 "_meta": {
  "name": "wp1",
  "wall_s": 32.3,
  "git_commit": "2d519f55",
  "config": {
   "seeds": [
    0,
    1,
    2,
    3,
    4,
    5,
    6,
    7,
    8,
    9
   ],
   "N": [
    6,
    8,
    10
   ],
   "schemes": [
    "hub",
    "greedy",
    "auction",
    "rungB",
    "rungC"
   ],
   "use_llm": true,
   "control": {
    "B_msg_bits": 256,
    "B_hdr_bits": 128,
    "P_ctrl_dbm": 10.0,
    "R_comm_m": 250.0,
    "e_tok_in_J": 0.00015,
    "e_tok_out_J": 0.00045
   },
   "git_commit": "2d519f55"
  }
 }
}