{
 "grand": {
  "paper": {
   "E_mean": 16.662761148944128,
   "E_ci": 0.6808979627642604,
   "viol_rate": 0.5222222222222223,
   "ctrl_mJ": 0.030252421332672808,
   "dropout_completion": 0.0,
   "stale_mean": 42.9329802350065,
   "lifetime": 18.0
  },
  "phase1": {
   "E_mean": 16.816449991643175,
   "E_ci": 0.7447339898482371,
   "viol_rate": 0.5168539325842697,
   "ctrl_mJ": 0.031142670843838184,
   "dropout_completion": 0.0,
   "stale_mean": 42.9329802350065,
   "lifetime": 18.0
  },
  "awan": {
   "E_mean": 14.850993521373603,
   "E_ci": 0.0,
   "viol_rate": 0.14285714285714285,
   "ctrl_mJ": 1.3940703428249936,
   "dropout_completion": 1.0,
   "stale_mean": 29.369120435270155,
   "lifetime": 8.2
  }
 },
 "q_db_used": 9.854525778308046,
 "s_max_calibrated": 32.81772616986645,
 "i2": {
  "E_event": 87.5960343259688,
  "E_periodic": 136.2190491649662,
  "peak_stale_event": 84.04606765927498,
  "peak_stale_periodic": 72.57844484842245
 },
 "i3": {
  "lifetime_aware": 5.333333333333333,
  "lifetime_sum": 5.333333333333333
 },
 "i4": {
  "mape_pct": 0.13618185332316085,
  "penalty_pct": -1.136688052027321,
  "n_pairs": 5400
 },
 "i5_runtime_ms": {
  "blossom": [
   0.37511099556771416,
   2.60334699608696,
   37.422860996836484,
   288.1793749984354,
   2415.150013999664
  ],
  "auction": [
   0.29351400250258547,
   1.9643196671192222,
   20.49812499899417,
   121.42437500006054,
   746.7428329982795
  ],
  "greedy": [
   0.13829166709911078,
   0.40784699861736345,
   2.1082776656839997,
   7.793958667510499,
   34.54036100204879
  ]
 },
 "i5_N": [
  10,
  20,
  50,
  100,
  200
 ],
 "_meta": {
  "name": "wp4",
  "wall_s": 241.5,
  "git_commit": "f7470aac",
  "config": {
   "seeds": [
    0,
    1,
    2,
    3,
    4,
    5,
    6,
    7,
    8,
    9
   ],
   "git_commit": "f7470aac"
  }
 }
}